"","Estimate","Est.Error","l.95..CI","u.95..CI","Rhat","Bulk_ESS","Tail_ESS","stock_name","covariate_name","spline","RunType","stock_code","area","ecoregion","Code","Code2","region","spline.1"
"1",2.41517018887342,2.11340013891368,0.0811309543310335,7.75747800097449,1.00122692029039,1056.4130142492,1988.56152872641,"Columbia Upriver Bright","sst_spring","year","Fall","URB","Upper Columbia River",2,4,18,"Columbia-Snake","year"
"2",0.000924752773572533,0.000928288997352859,3.30869892536626e-05,0.00334113164079069,1.00025593187088,1279.52296784578,1567.7232654641,"Columbia Upriver Bright","sst_spring","covariate","Fall","URB","Upper Columbia River",2,4,18,"Columbia-Snake","covariate"
"3",2.10436887681959,1.88965585438278,0.0889561896251513,7.276158991184,1.00205568067057,1222.41643722293,1444.59264249013,"Columbia River Summers","sst_spring","year","Summer","SUM","Upper Columbia River",2,3,17,"Columbia-Snake","year"
"4",0.000785704563005075,0.000826949530687208,2.04617217612124e-05,0.00292749437422202,1.00075961801137,1797.0860463029,1972.84495301185,"Columbia River Summers","sst_spring","covariate","Summer","SUM","Upper Columbia River",2,3,17,"Columbia-Snake","covariate"
"5",1.65728731293044,1.27131811994187,0.0986018786990246,4.80350932901389,1.00119453318971,1279.81268570415,1229.83631696384,"Stillaguamish Fall Fingerling² ","sst_spring","year","Summer","STL","Central Puget Sound",2,2,16,"Salish Sea","year"
"6",0.000577096334812845,0.000792135984156795,1.74155323251839e-05,0.00244518520587984,1.0006767152364,2150.42641778731,2347.92026146758,"Stillaguamish Fall Fingerling² ","sst_spring","covariate","Summer","STL","Central Puget Sound",2,2,16,"Salish Sea","covariate"
"7",4.38421929186707,3.49091979600839,0.251374734474097,14.053016888031,1.00323106655406,534.699022689525,1048.97788790598,"Skagit Summer Fingerling","sst_spring","year","Summer","SSF","North Puget Sound",2,3,17,"Salish Sea","year"
"8",0.000723465458239553,0.000719546384300646,2.95924214464467e-05,0.00272563528226816,1.00158228327512,1581.6724352748,1959.74576675706,"Skagit Summer Fingerling","sst_spring","covariate","Summer","SSF","North Puget Sound",2,3,17,"Salish Sea","covariate"
"9",2.03419977149115,1.86465948821121,0.0549693263615566,6.80775841902651,1.00523067204327,789.759216192174,1873.09390634651,"Salmon River","sst_spring","year","Fall","SRH","North Oregon Coast",3,4,18,"Oregon Coast","year"
"10",0.00116869908275248,0.00110037499519329,7.33742852403541e-05,0.00403430014249855,1.00096403769854,1132.5640577484,1468.6694448818,"Salmon River","sst_spring","covariate","Fall","SRH","North Oregon Coast",3,4,18,"Oregon Coast","covariate"
"11",1.00561242970082,0.876282481885665,0.0386770076781041,3.30766071694835,1.00067937271551,1583.00520924762,1608.753344227,"South Puget Sound Fall Fingerling","sst_spring","year","Fall","SPS","South Puget Sound",2,1,15,"Salish Sea","year"
"12",0.000444899924650444,0.000475656664164409,1.3566322412165e-05,0.00163930071200908,1.00017949707169,1374.51636902902,1381.83592438566,"South Puget Sound Fall Fingerling","sst_spring","covariate","Fall","SPS","South Puget Sound",2,1,15,"Salish Sea","covariate"
"13",1.58912451592534,1.66405244328091,0.047175383471886,6.01355307483523,1.00037326578511,1448.30931614127,2204.55013876905,"Spring Creek Tule","sst_spring","year","Spring","SPR","Lower Columbia River",2,2,16,"Columbia-Snake","year"
"14",0.000699971057250565,0.000932291072878278,1.57105872064991e-05,0.00315820343368906,1.00085168614703,1632.57629461874,2391.73733669856,"Spring Creek Tule","sst_spring","covariate","Spring","SPR","Lower Columbia River",2,2,16,"Columbia-Snake","covariate"
"15",2.59452761837353,1.78454820080266,0.205354332770396,6.96838536757399,1.00116853255105,1309.8182034621,1255.96470639774,"Tsoo-Yess Fall Fingerling","sst_spring","year","Fall","SOO","North Washington Coast",2,1,15,"Washington Coast","year"
"16",0.0021785651809854,0.00155538299490942,0.00014449986868509,0.0058814590801313,1.00158092048317,761.824488822203,1092.63273683029,"Tsoo-Yess Fall Fingerling","sst_spring","covariate","Fall","SOO","North Washington Coast",2,1,15,"Washington Coast","covariate"
"17",1.01820009099314,0.937002149860693,0.0401525659078114,3.40057062616033,1.00122017683572,1930.91300491618,2414.48431945794,"Skykomish Fall Fingerling","sst_spring","year","Fall","SKY","Central Puget Sound",2,1,15,"Salish Sea","year"
"18",0.000510604492846574,0.000616212119561705,1.10329278396914e-05,0.00206149290115298,1.00041747448096,1376.97076452218,2239.70284443446,"Skykomish Fall Fingerling","sst_spring","covariate","Fall","SKY","Central Puget Sound",2,1,15,"Salish Sea","covariate"
"19",1.02643768951257,1.07555404758013,0.0328827932094383,3.91414746061443,1.00251377135591,1351.85837574137,1556.71312915688,"Skagit Spring Fingerling","sst_spring","year","Spring","SKF","North Puget Sound",2,2,16,"Salish Sea","year"
"20",0.000666686298715837,0.000614833806758052,6.57925739546185e-05,0.00225126333758141,1.00252202955731,1267.17402081715,1602.28808763043,"Skagit Spring Fingerling","sst_spring","covariate","Spring","SKF","North Puget Sound",2,2,16,"Salish Sea","covariate"
"21",1.76360054153842,1.26956600981305,0.0927896113129999,4.80610005496072,1.00179494210464,1227.53411056069,1621.06828459914,"Lower Shuswap River Summer","sst_spring","year","Summer","SHU","Fraser River",2,1,15,"Salish Sea","year"
"22",0.000594870414657181,0.000653839227309359,2.12363652276851e-05,0.00238127451022194,1.00091172968868,1310.40074231175,1777.63852436317,"Lower Shuswap River Summer","sst_spring","covariate","Summer","SHU","Fraser River",2,1,15,"Salish Sea","covariate"
"23",0.967516852916557,0.951617696337112,0.0286630592977234,3.38566216991214,1.00098652422609,1382.67906687216,2076.08662558856,"Samish Fall Fingerling","sst_spring","year","Fall","SAM","North Puget Sound",2,1,15,"Salish Sea","year"
"24",0.00050162143495361,0.000547645528943432,1.82326732741124e-05,0.00181709089883858,1.00195146935273,2289.62845899125,2514.2129791477,"Samish Fall Fingerling","sst_spring","covariate","Fall","SAM","North Puget Sound",2,1,15,"Salish Sea","covariate"
"25",2.7529342478166,2.33232405302711,0.0656594479378866,8.37777306958827,1.00622727273242,449.252340484008,1695.65755349252,"Quinsam River Fall ","sst_spring","year","Fall","QUI","Strait of Georgia",2,1,15,"Salish Sea","year"
"26",0.000519359706560126,0.000615590247952466,1.45990374938973e-05,0.00221832268302942,1.00260866803245,1350.68387409554,1863.73245436661,"Quinsam River Fall ","sst_spring","covariate","Fall","QUI","Strait of Georgia",2,1,15,"Salish Sea","covariate"
"27",0.729469915889299,0.714462217693346,0.0197732115222351,2.66171149716081,1.00016835425736,1620.18168220161,1653.81395033301,"Queets Fall Fingerling","sst_spring","year","Fall","QUE","North Washington Coast",2,5,19,"Washington Coast","year"
"28",0.000338921672641763,0.000376479824563294,9.05136539473562e-06,0.00133842347456141,1.00049570300704,1608.32860156977,1722.96136789822,"Queets Fall Fingerling","sst_spring","covariate","Fall","QUE","North Washington Coast",2,5,19,"Washington Coast","covariate"
"29",1.63629342504524,1.51811272837334,0.0776885127220692,5.7360504555674,1.00017686047933,1106.52023579759,1727.35105062471,"Puntledge River Summer","sst_spring","year","Summer","PPS","Strait of Georgia",2,5,19,"Salish Sea","year"
"30",0.000433916992634096,0.000508736992906798,1.00481191436181e-05,0.00178397170645377,1.00082082112612,2001.44303055913,2001.97989134194,"Puntledge River Summer","sst_spring","covariate","Summer","PPS","Strait of Georgia",2,5,19,"Salish Sea","covariate"
"31",2.94253801689087,1.60424873247734,0.225078188667108,6.5848733219529,1.00262942485876,545.416674672042,925.333175385036,"Phillips River Fall","sst_spring","year","Fall","PHI","Strait of Georgia",2,4,18,"Salish Sea","year"
"32",0.000567461138935757,0.000593551735634091,2.74067863321614e-05,0.00213620733338694,1.00007606935964,1456.66130874703,2007.48259924871,"Phillips River Fall","sst_spring","covariate","Fall","PHI","Strait of Georgia",2,4,18,"Salish Sea","covariate"
"33",2.25914671059186,1.69909099133322,0.102046108714468,6.36669510801616,1.00223173533821,811.783026473079,1514.4340204464,"Nooksack Spring Fingerling","sst_spring","year","Spring","NSF","North Puget Sound",2,5,19,"Salish Sea","year"
"34",0.000490477466016563,0.000540066514899935,1.54048513532651e-05,0.0019210017237113,1.00117090782434,1919.39647694259,2148.96218457994,"Nooksack Spring Fingerling","sst_spring","covariate","Spring","NSF","North Puget Sound",2,5,19,"Salish Sea","covariate"
"35",2.10116716015387,1.27436927225485,0.37029701250532,5.41182641009874,1.00104023450376,1365.83197372261,1085.26926374613,"Nisqually Fall Fingerling","sst_spring","year","Fall","NIS","South Puget Sound",2,5,19,"Salish Sea","year"
"36",0.000543344616262116,0.000608848480913722,1.63567380132591e-05,0.00210017146847437,0.999994483510551,1864.91081657484,1672.23437101999,"Nisqually Fall Fingerling","sst_spring","covariate","Fall","NIS","South Puget Sound",2,5,19,"Salish Sea","covariate"
"37",1.71465982659385,1.5349069210753,0.0766167358006887,5.68441543289657,1.00069489799521,1779.33167372409,2540.08013692175,"Middle Shuswap","sst_spring","year","Summer","MSH","Fraser River",2,5,19,"Salish Sea","year"
"38",0.000855020061300613,0.00103396558982306,2.14668640085358e-05,0.00356120728371665,1.00019545561203,2094.22997446284,2427.39921138729,"Middle Shuswap","sst_spring","covariate","Summer","MSH","Fraser River",2,5,19,"Salish Sea","covariate"
"39",3.15266301854278,2.77219665488997,0.105600008432431,10.5545980906441,1.00147211330205,718.23935496644,983.579358054533,"Lyons Ferry Fingerling","sst_spring","year","Fall","LYF","Snake River",2,3,17,"Columbia-Snake","year"
"40",0.000667179812868508,0.000799494145542823,1.4817991269433e-05,0.0027818599503829,0.999575048760624,1474.4563423509,2169.02762880437,"Lyons Ferry Fingerling","sst_spring","covariate","Fall","LYF","Snake River",2,3,17,"Columbia-Snake","covariate"
"41",1.5957506655409,1.33632743635606,0.0606986620232622,4.95776103275257,1.00048931113596,1370.7821110825,2078.396179352,"Lewis River Wild","sst_spring","year","Fall","LRW","Lower Columbia River",2,1,15,"Columbia-Snake","year"
"42",0.00081583073335478,0.000843913084124731,1.86962460146033e-05,0.00301751556666092,1.00376669200351,1272.43686149521,2006.3880231347,"Lewis River Wild","sst_spring","covariate","Fall","LRW","Lower Columbia River",2,1,15,"Columbia-Snake","covariate"
"43",1.68808372273336,1.65952105608444,0.0523691448281994,6.18826155605661,1.00199792638791,1264.77957362561,2038.88902118222,"Columbia Lower River Hatchery","sst_spring","year","Fall","LRH","Lower Columbia River",2,5,19,"Columbia-Snake","year"
"44",0.00109237929982897,0.00117684934321861,2.72134295357612e-05,0.00406900482505093,1.00104574576094,1209.47535549556,2582.14457850307,"Columbia Lower River Hatchery","sst_spring","covariate","Fall","LRH","Lower Columbia River",2,5,19,"Columbia-Snake","covariate"
"45",1.45660469726534,1.01048895675608,0.0970236699473567,3.92465792675933,1.0032813035028,1601.0429153767,1229.02586360743,"Hoko Fall Fingerling","sst_spring","year","Fall","HOK","North Washington Coast",2,4,18,"Washington Coast","year"
"46",0.000752583477854883,0.000847435552204242,1.61958037679866e-05,0.00296410539686211,1.00736087523929,903.746578356864,1896.47623551543,"Hoko Fall Fingerling","sst_spring","covariate","Fall","HOK","North Washington Coast",2,4,18,"Washington Coast","covariate"
"47",1.71509509181835,1.20706436478826,0.14503215364597,4.69303477850484,1.00077761102196,1653.25700167325,1600.53685796248,"Harrison River","sst_spring","year","Fall","HAR","Fraser River",2,4,18,"Salish Sea","year"
"48",0.000659800593211136,0.000735994700976754,1.34780226839433e-05,0.00264097190933001,1.00025200485363,1325.38367615165,2120.98332068333,"Harrison River","sst_spring","covariate","Fall","HAR","Fraser River",2,4,18,"Salish Sea","covariate"
"49",1.53328037872368,1.5446549008651,0.0559165981417349,5.76809657408571,1.00122618002904,1225.55964775528,2004.61275927628,"Hanford Wild Brights","sst_spring","year","Fall","HAN","Upper Columbia River",2,2,16,"Columbia-Snake","year"
"50",0.000631418508818763,0.000677650435104225,2.00339602970475e-05,0.00236443660864335,1.0026551403396,1465.53613758015,1789.88968190468,"Hanford Wild Brights","sst_spring","covariate","Fall","HAN","Upper Columbia River",2,2,16,"Columbia-Snake","covariate"
"51",1.01303272336895,0.908017996243038,0.0400538886036534,3.42499548819951,1.00038679297435,2041.15622555394,2068.5394763573,"Green River Fingerling","sst_spring","year","Fall","GRN","South Puget Sound",2,4,18,"Salish Sea","year"
"52",0.000559625150732203,0.000608902851820666,1.7525431843731e-05,0.00212962477618569,1.00197863006314,1596.04099724954,2044.5524938754,"Green River Fingerling","sst_spring","covariate","Fall","GRN","South Puget Sound",2,4,18,"Salish Sea","covariate"
"53",1.68032481115701,1.69276032255741,0.0478385319784095,6.12727946436872,1.00181211182562,1364.14669845374,1829.52881948243,"George Adams Fall Fingerling","sst_spring","year","Summer/Fall","GAD","Hood Canal",2,2,16,"Salish Sea","year"
"54",0.000709255776992631,0.000768853334448538,1.94438055781098e-05,0.00281675056962666,1.0050118093965,1793.34442159616,2181.23380992941,"George Adams Fall Fingerling","sst_spring","covariate","Summer/Fall","GAD","Hood Canal",2,2,16,"Salish Sea","covariate"
"55",3.68096993288621,3.76137418125579,0.114077404121438,13.7118463380239,1.00328586939792,953.614457223455,1797.7133523589,"Elwha River","sst_spring","year","Summer/Fall","ELW","Juan de Fuca",2,3,17,"Salish Sea","year"
"56",0.00116861200021408,0.00137934526073562,2.9897523378944e-05,0.00496462954309872,1.00232419444122,1624.20227161712,2048.5662194044,"Elwha River","sst_spring","covariate","Summer/Fall","ELW","Juan de Fuca",2,3,17,"Salish Sea","covariate"
"57",1.36415105860483,1.15488323198469,0.0519295533361444,4.29599763114556,1.00315085260441,1222.37148484241,1613.46610230908,"Elk River","sst_spring","year","Fall","ELK","Mid Oregon Coast",3,3,17,"Oregon Coast","year"
"58",0.000639168760043378,0.000700897765390873,2.38519305237153e-05,0.0023584375027235,1.00098372711783,1612.90101565144,2027.684239499,"Elk River","sst_spring","covariate","Fall","ELK","Mid Oregon Coast",3,3,17,"Oregon Coast","covariate"
"59",1.31667850860735,1.11567173303313,0.0449568405924106,4.12246894882605,1.00118340089071,1333.4979641091,1409.96300798618,"Cowlitz Fall Tule","sst_spring","year","Fall","CWF","Lower Columbia River",2,4,18,"Columbia-Snake","year"
"60",0.000581021933287646,0.000728181882460435,1.13327525182497e-05,0.0026013051533828,1.00229514365424,1440.10692243875,1851.31437621951,"Cowlitz Fall Tule","sst_spring","covariate","Fall","CWF","Lower Columbia River",2,4,18,"Columbia-Snake","covariate"
"61",3.60655048680262,1.44427105959408,1.60459188773527,7.1767943383139,1.00174633407247,1831.84854408869,2457.85137903891,"Cowichan River Fall","sst_spring","year","Fall","COW","Strait of Georgia",2,3,17,"Salish Sea","year"
"62",0.000308470772218657,0.000314367925387048,9.68730664426096e-06,0.00113625369575023,1.00132483828625,1692.60907250563,2380.9487938571,"Cowichan River Fall","sst_spring","covariate","Fall","COW","Strait of Georgia",2,3,17,"Salish Sea","covariate"
"63",1.05981776310178,1.0489615790118,0.0362007372930637,3.91502873037723,1.00129457468422,1902.14755221242,2125.09402582898,"Chilliwack River Fall","sst_spring","year","Fall","CHI","Fraser River",2,3,17,"Salish Sea","year"
"64",0.000467483730039998,0.000552350360001998,1.49062933619954e-05,0.00193313703147766,1.0010337438989,2470.18150211867,2807.66918326692,"Chilliwack River Fall","sst_spring","covariate","Fall","CHI","Fraser River",2,3,17,"Salish Sea","covariate"
"65",1.22445805062738,0.959123382465401,0.0677534177733103,3.68170611022213,1.00275406999328,1573.22444521598,1505.90063249771,"Big Qualicum River Fall","sst_spring","year","Fall","BQR","Strait of Georgia",2,2,16,"Salish Sea","year"
"66",0.000452393519760333,0.000668476845676123,8.70686112115345e-06,0.0021676666617133,1.00527686799849,1585.61480351724,1938.07750799962,"Big Qualicum River Fall","sst_spring","covariate","Fall","BQR","Strait of Georgia",2,2,16,"Salish Sea","covariate"
"67",1.46286143276359,1.51252125114573,0.0427374258457788,5.48702505356608,1.00514378643278,1120.69964641139,1528.56450036254,"Atnarko","sst_spring","year","Summer/Fall","ATN","North/Central BC",2,2,16,"Salish Sea","year"
"68",0.000351631086146907,0.000416165816843463,1.03676598762897e-05,0.00145973015058417,1.00085869781387,1709.5950583049,2015.63159019612,"Atnarko","sst_spring","covariate","Summer/Fall","ATN","North/Central BC",2,2,16,"Salish Sea","covariate"
"69",1.81614672701998,1.67912723333245,0.0628178911288308,6.34136710848921,1.00050410018523,1490.49962904005,2285.168813254,"Columbia Upriver Bright","pdo_spring","year","Fall","URB","Upper Columbia River",2,4,18,"Columbia-Snake","year"
"70",0.00244700898133208,0.00238185003628976,8.25212837273695e-05,0.0089971007462973,1.00109977587135,1002.61806291857,1958.67091381918,"Columbia Upriver Bright","pdo_spring","covariate","Fall","URB","Upper Columbia River",2,4,18,"Columbia-Snake","covariate"
"71",2.09890546738564,1.81218145265532,0.112881613443119,6.84536038133417,1.00220084506149,1378.73837250198,1814.76767401401,"Columbia River Summers","pdo_spring","year","Summer","SUM","Upper Columbia River",2,3,17,"Columbia-Snake","year"
"72",0.00322429108370133,0.00384300689800019,4.73597953740999e-05,0.0140750065087643,1.00489388125325,562.091151093399,1378.93181195723,"Columbia River Summers","pdo_spring","covariate","Summer","SUM","Upper Columbia River",2,3,17,"Columbia-Snake","covariate"
"73",1.62901202496279,1.14116628816723,0.141024643727762,4.56499447447828,1.00072335973367,1384.60910067801,1316.29787224776,"Stillaguamish Fall Fingerling² ","pdo_spring","year","Summer","STL","Central Puget Sound",2,2,16,"Salish Sea","year"
"74",0.00112801757864335,0.00121963076557367,3.17176112814953e-05,0.00439494922587474,1.00107154285794,1315.14627027804,1796.3510663552,"Stillaguamish Fall Fingerling² ","pdo_spring","covariate","Summer","STL","Central Puget Sound",2,2,16,"Salish Sea","covariate"
"75",3.4890412002937,2.59407833157654,0.152970074437349,9.85857715366317,1.00404681361828,713.534628958608,1066.52955680954,"Skagit Summer Fingerling","pdo_spring","year","Summer","SSF","North Puget Sound",2,3,17,"Salish Sea","year"
"76",0.000919735106040283,0.000974061938380813,3.77896180567633e-05,0.00363092440173581,1.00125812222508,2029.09940967931,1966.9245733533,"Skagit Summer Fingerling","pdo_spring","covariate","Summer","SSF","North Puget Sound",2,3,17,"Salish Sea","covariate"
"77",1.47324874864427,1.51935963557482,0.0384041638715809,5.66368198065633,1.00417407583791,1344.8770930199,2126.9028623129,"Salmon River","pdo_spring","year","Fall","SRH","North Oregon Coast",3,4,18,"Oregon Coast","year"
"78",0.00155041824846106,0.00201682272376438,3.11986481798891e-05,0.00687543710242252,1.00102808161558,992.81508828816,1368.4627942372,"Salmon River","pdo_spring","covariate","Fall","SRH","North Oregon Coast",3,4,18,"Oregon Coast","covariate"
"79",1.0663286745492,0.887204565775927,0.0481083995112794,3.27816113462522,1.00123134778438,1399.61270395186,1646.52406210636,"South Puget Sound Fall Fingerling","pdo_spring","year","Fall","SPS","South Puget Sound",2,1,15,"Salish Sea","year"
"80",0.00145893345360466,0.00115956857653827,0.000113232420985615,0.00452779071001103,1.001830972581,1153.30633363744,1461.56364190016,"South Puget Sound Fall Fingerling","pdo_spring","covariate","Fall","SPS","South Puget Sound",2,1,15,"Salish Sea","covariate"
"81",1.14464973729802,1.19033532749787,0.0355940548553976,4.24848920459596,1.00534883468186,1268.1601324055,1795.13881091633,"Spring Creek Tule","pdo_spring","year","Spring","SPR","Lower Columbia River",2,2,16,"Columbia-Snake","year"
"82",0.00101613177493727,0.00114735432679379,2.79519640695453e-05,0.00416757043561627,1.00224221686267,1519.84226417639,2411.59711274242,"Spring Creek Tule","pdo_spring","covariate","Spring","SPR","Lower Columbia River",2,2,16,"Columbia-Snake","covariate"
"83",2.23665837238428,1.53406550823868,0.2163556641211,6.18950052180224,1.00170213314856,1424.17433364928,1296.58748938689,"Tsoo-Yess Fall Fingerling","pdo_spring","year","Fall","SOO","North Washington Coast",2,1,15,"Washington Coast","year"
"84",0.00220061777145648,0.00190782580943828,9.48423919898325e-05,0.0072122404593686,1.00266806631989,1327.40839512955,1719.57591526216,"Tsoo-Yess Fall Fingerling","pdo_spring","covariate","Fall","SOO","North Washington Coast",2,1,15,"Washington Coast","covariate"
"85",0.916538045593789,0.902622744667823,0.0286365256935364,3.32090163996888,1.00085103099536,1959.55423683483,2324.35089198422,"Skykomish Fall Fingerling","pdo_spring","year","Fall","SKY","Central Puget Sound",2,1,15,"Salish Sea","year"
"86",0.000585792549910534,0.000702775760501543,1.29788351459786e-05,0.00239044199472119,1.00094460624573,1859.2261578553,2238.73962269318,"Skykomish Fall Fingerling","pdo_spring","covariate","Fall","SKY","Central Puget Sound",2,1,15,"Salish Sea","covariate"
"87",1.12949901133852,1.08315390667566,0.0357442842993332,4.04870757398696,1.0010582387147,905.44280904852,1237.33412426311,"Skagit Spring Fingerling","pdo_spring","year","Spring","SKF","North Puget Sound",2,2,16,"Salish Sea","year"
"88",0.000709202701067355,0.000622792667740256,4.85207164886023e-05,0.00231535966725428,1.00173181922615,1388.15459253029,1197.78421464494,"Skagit Spring Fingerling","pdo_spring","covariate","Spring","SKF","North Puget Sound",2,2,16,"Salish Sea","covariate"
"89",1.13710904207152,0.977721207518457,0.0432649287160558,3.58683572576481,1.0024450491078,1622.26334583848,2452.56205892278,"Lower Shuswap River Summer","pdo_spring","year","Summer","SHU","Fraser River",2,1,15,"Salish Sea","year"
"90",0.00102665611381741,0.00131861832131295,2.5322496243172e-05,0.00481549429214128,1.00292548217338,1378.960180002,1649.32277305998,"Lower Shuswap River Summer","pdo_spring","covariate","Summer","SHU","Fraser River",2,1,15,"Salish Sea","covariate"
"91",0.954735337958515,0.989501149532236,0.0205433819698156,3.75975203506345,1.00210118975474,1589.03110105992,2151.2672339037,"Samish Fall Fingerling","pdo_spring","year","Fall","SAM","North Puget Sound",2,1,15,"Salish Sea","year"
"92",0.0015148205729893,0.00123954491700973,7.31618775997492e-05,0.00460588329925051,1.00039035625771,1361.67783382238,1651.76183007697,"Samish Fall Fingerling","pdo_spring","covariate","Fall","SAM","North Puget Sound",2,1,15,"Salish Sea","covariate"
"93",3.02865736212226,2.38776036588037,0.112140719951709,8.690106814809,1.00090759987732,604.455973369945,1311.46019022883,"Quinsam River Fall ","pdo_spring","year","Fall","QUI","Strait of Georgia",2,1,15,"Salish Sea","year"
"94",0.000683689606484338,0.000837373257555528,2.01784971273099e-05,0.00296617777680047,1.0012078456444,1821.82395390839,2202.68042801573,"Quinsam River Fall ","pdo_spring","covariate","Fall","QUI","Strait of Georgia",2,1,15,"Salish Sea","covariate"
"95",0.700131802445177,0.738189867940452,0.0175133726659741,2.67543648940162,0.999719927119037,1570.92958177223,1614.77734499284,"Queets Fall Fingerling","pdo_spring","year","Fall","QUE","North Washington Coast",2,5,19,"Washington Coast","year"
"96",0.000629321636996797,0.000755999746964345,1.71424218136109e-05,0.00274441816671453,1.00080026323293,1479.12450776112,2346.1014383811,"Queets Fall Fingerling","pdo_spring","covariate","Fall","QUE","North Washington Coast",2,5,19,"Washington Coast","covariate"
"97",1.83301603423478,1.74759180689384,0.0618770246210262,6.49224708972623,1.00380794865989,714.993285232758,789.926133288527,"Puntledge River Summer","pdo_spring","year","Summer","PPS","Strait of Georgia",2,5,19,"Salish Sea","year"
"98",0.000696613770164812,0.000766216274727145,1.7878356801577e-05,0.00252056209215566,0.999815965655097,1211.38495026923,1713.85941011389,"Puntledge River Summer","pdo_spring","covariate","Summer","PPS","Strait of Georgia",2,5,19,"Salish Sea","covariate"
"99",2.08115303840987,1.837288277464,0.0716833578245264,6.82527897658227,1.00167560925072,1039.46419202443,1514.5878907856,"Phillips River Fall","pdo_spring","year","Fall","PHI","Strait of Georgia",2,4,18,"Salish Sea","year"
"100",0.000770828285442799,0.000924138267053922,2.03351667757673e-05,0.00331716408792225,1.00075335415155,1493.13237573113,2237.20332173766,"Phillips River Fall","pdo_spring","covariate","Fall","PHI","Strait of Georgia",2,4,18,"Salish Sea","covariate"
"101",2.10177380323689,1.8102068419977,0.0781231929955904,6.52316058166441,1.00079331038168,936.547371122423,1873.45290513403,"Nooksack Spring Fingerling","pdo_spring","year","Spring","NSF","North Puget Sound",2,5,19,"Salish Sea","year"
"102",0.00105383993559297,0.00119704984049075,2.42746793043724e-05,0.00438599344492534,1.00051191473867,1257.97382238746,2287.74053176162,"Nooksack Spring Fingerling","pdo_spring","covariate","Spring","NSF","North Puget Sound",2,5,19,"Salish Sea","covariate"
"103",2.25623693332228,1.36149593063802,0.616327204808886,5.59970445455467,0.999885596730008,1803.9250445993,2485.35615608068,"Nisqually Fall Fingerling","pdo_spring","year","Fall","NIS","South Puget Sound",2,5,19,"Salish Sea","year"
"104",0.00132159707280167,0.00105361247319885,0.000175501726330635,0.004009307099025,1.00155995678239,1716.93774743304,1702.38590083667,"Nisqually Fall Fingerling","pdo_spring","covariate","Fall","NIS","South Puget Sound",2,5,19,"Salish Sea","covariate"
"105",1.27670175217244,1.19477782922356,0.0438150206074249,4.32939906418515,1.00266083874821,2038.31240915273,2235.57233881286,"Middle Shuswap","pdo_spring","year","Summer","MSH","Fraser River",2,5,19,"Salish Sea","year"
"106",0.0013173166237437,0.00133722950391566,6.76398855775841e-05,0.00508586222960955,1.00092740288985,1237.10837603697,1655.50273680351,"Middle Shuswap","pdo_spring","covariate","Summer","MSH","Fraser River",2,5,19,"Salish Sea","covariate"
"107",2.26206357936092,2.21915719722948,0.0663144284193537,8.40888681120673,1.00165462642137,1188.05372272582,1457.84356635604,"Lyons Ferry Fingerling","pdo_spring","year","Fall","LYF","Snake River",2,3,17,"Columbia-Snake","year"
"108",0.000969913970432557,0.00122911265430914,2.46751609005293e-05,0.00432870244993133,1.00141936406799,1832.22303263566,2152.93284079086,"Lyons Ferry Fingerling","pdo_spring","covariate","Fall","LYF","Snake River",2,3,17,"Columbia-Snake","covariate"
"109",1.34426490553576,1.15755545736884,0.0540070505104096,4.32994961860327,1.00077866037157,1667.23062760369,1985.68682733889,"Lewis River Wild","pdo_spring","year","Fall","LRW","Lower Columbia River",2,1,15,"Columbia-Snake","year"
"110",0.000848805119432716,0.000981546324656475,1.98109133669606e-05,0.00333306205116864,1.00145536420327,1682.93965425941,2282.26244881759,"Lewis River Wild","pdo_spring","covariate","Fall","LRW","Lower Columbia River",2,1,15,"Columbia-Snake","covariate"
"111",1.3420829392441,1.44621703103777,0.0359532005009253,5.30233980796346,1.0016985807306,1652.69710834098,1704.55876980873,"Columbia Lower River Hatchery","pdo_spring","year","Fall","LRH","Lower Columbia River",2,5,19,"Columbia-Snake","year"
"112",0.00125176370688644,0.00137170872360267,3.6014712658608e-05,0.00496965879057631,1.00148225166924,1528.66315264982,1892.18581902553,"Columbia Lower River Hatchery","pdo_spring","covariate","Fall","LRH","Lower Columbia River",2,5,19,"Columbia-Snake","covariate"
"113",1.26570250602474,0.972284498361018,0.0808507726679723,3.67787550140858,1.00111053632542,2030.6889197633,2272.03870612778,"Hoko Fall Fingerling","pdo_spring","year","Fall","HOK","North Washington Coast",2,4,18,"Washington Coast","year"
"114",0.00074356464141729,0.000912069585652244,2.03509262421694e-05,0.00295995951509019,1.00090801526507,1567.31817681202,1911.96294258883,"Hoko Fall Fingerling","pdo_spring","covariate","Fall","HOK","North Washington Coast",2,4,18,"Washington Coast","covariate"
"115",1.67888132207192,1.24494269812026,0.109852348406068,4.79571915264548,1.00048242110262,1671.14193295872,1672.58464614441,"Harrison River","pdo_spring","year","Fall","HAR","Fraser River",2,4,18,"Salish Sea","year"
"116",0.000754592564281382,0.000911538802624546,2.12363360139536e-05,0.00325736669666517,1.00002738505071,1676.76369625986,2137.14223041955,"Harrison River","pdo_spring","covariate","Fall","HAR","Fraser River",2,4,18,"Salish Sea","covariate"
"117",1.39975480820463,1.41476792555775,0.0394690303942222,5.09918211878502,1.00582118546654,1161.2904872364,1996.15995258974,"Hanford Wild Brights","pdo_spring","year","Fall","HAN","Upper Columbia River",2,2,16,"Columbia-Snake","year"
"118",0.00250675390226319,0.00247390805167685,8.20908653208362e-05,0.00856928687503098,1.00558116799977,604.510897600205,1308.94660497219,"Hanford Wild Brights","pdo_spring","covariate","Fall","HAN","Upper Columbia River",2,2,16,"Columbia-Snake","covariate"
"119",1.09759904443165,0.907160492600932,0.0627046780019727,3.35362044022158,1.00057360960523,1866.38283767198,2426.35057707118,"Green River Fingerling","pdo_spring","year","Fall","GRN","South Puget Sound",2,4,18,"Salish Sea","year"
"120",0.00237671119639667,0.00153375904412264,0.000333584578367392,0.0061945991859154,1.00047771277969,1007.65040666261,981.859471697027,"Green River Fingerling","pdo_spring","covariate","Fall","GRN","South Puget Sound",2,4,18,"Salish Sea","covariate"
"121",2.17494881265956,2.25110410162179,0.0621451581828805,8.53990300076413,1.00066584492025,937.416825071969,1761.85466098659,"George Adams Fall Fingerling","pdo_spring","year","Summer/Fall","GAD","Hood Canal",2,2,16,"Salish Sea","year"
"122",0.00175108346884296,0.00217357475473714,3.17456704758293e-05,0.00762361290292037,1.00153639076653,979.635438490833,1905.92727935821,"George Adams Fall Fingerling","pdo_spring","covariate","Summer/Fall","GAD","Hood Canal",2,2,16,"Salish Sea","covariate"
"123",2.74582355605099,2.48183505733979,0.0986101566055833,9.19040587275056,1.00073013712322,1983.13364438971,1879.46034256821,"Elwha River","pdo_spring","year","Summer/Fall","ELW","Juan de Fuca",2,3,17,"Salish Sea","year"
"124",0.00209487117587152,0.00211492513666001,8.22167386996668e-05,0.00775508756621325,1.00161934272694,1734.49272927877,1999.67453843837,"Elwha River","pdo_spring","covariate","Summer/Fall","ELW","Juan de Fuca",2,3,17,"Salish Sea","covariate"
"125",1.38517695311209,1.23855374563429,0.0558397534560802,4.56159385549613,1.00403466386244,1418.29348391861,1811.74482064301,"Elk River","pdo_spring","year","Fall","ELK","Mid Oregon Coast",3,3,17,"Oregon Coast","year"
"126",0.00110020593248445,0.00137274201102509,2.80715940402642e-05,0.00465190204699805,1.00222964648149,1334.19151860343,1896.96436016569,"Elk River","pdo_spring","covariate","Fall","ELK","Mid Oregon Coast",3,3,17,"Oregon Coast","covariate"
"127",2.05838143181205,1.48763924788688,0.10092134954539,5.69061528522395,1.00291575146638,1039.76248543856,1395.53568023999,"Cowlitz Fall Tule","pdo_spring","year","Fall","CWF","Lower Columbia River",2,4,18,"Columbia-Snake","year"
"128",0.00142854339699354,0.00168977642391617,4.5535443828455e-05,0.00521341643991146,1.00351737290807,1141.61288445369,2093.10464893172,"Cowlitz Fall Tule","pdo_spring","covariate","Fall","CWF","Lower Columbia River",2,4,18,"Columbia-Snake","covariate"
"129",3.73602522694466,1.40318746438881,1.76049181457533,7.12927846646287,1.00267994879126,1633.94230280334,2517.82055152243,"Cowichan River Fall","pdo_spring","year","Fall","COW","Strait of Georgia",2,3,17,"Salish Sea","year"
"130",0.000311465528401473,0.00040288684067208,5.70935290347267e-06,0.00136627202342379,1.00127203885801,1690.04034868566,2024.73469744918,"Cowichan River Fall","pdo_spring","covariate","Fall","COW","Strait of Georgia",2,3,17,"Salish Sea","covariate"
"131",1.01544356667522,0.992326392631162,0.0299246647491704,3.68668667125858,1.00027899336031,1789.89480659843,2129.6681472078,"Chilliwack River Fall","pdo_spring","year","Fall","CHI","Fraser River",2,3,17,"Salish Sea","year"
"132",0.000984278240074654,0.00131421000114076,2.28821677976327e-05,0.00444241526172824,1.00019239368545,1498.0152147116,2237.99357545695,"Chilliwack River Fall","pdo_spring","covariate","Fall","CHI","Fraser River",2,3,17,"Salish Sea","covariate"
"133",1.19869239912431,0.891763566123887,0.115071328437363,3.57668367623563,1.00230241228507,1657.0977555472,1622.37751933704,"Big Qualicum River Fall","pdo_spring","year","Fall","BQR","Strait of Georgia",2,2,16,"Salish Sea","year"
"134",0.00123312693541376,0.00094514134241064,0.000169282828596824,0.00360269400424271,1.00056075449153,1504.3344152832,1759.62710112659,"Big Qualicum River Fall","pdo_spring","covariate","Fall","BQR","Strait of Georgia",2,2,16,"Salish Sea","covariate"
"135",1.32781215833727,1.24476405723508,0.0403731989041864,4.58136122115196,1.00123184844306,1216.96550105588,2120.9673863843,"Atnarko","pdo_spring","year","Summer/Fall","ATN","North/Central BC",2,2,16,"Salish Sea","year"
"136",0.000555877809358849,0.000627465612623392,1.60808802054139e-05,0.00215321914725597,1.00289344909868,1436.95758636576,1472.8756497428,"Atnarko","pdo_spring","covariate","Summer/Fall","ATN","North/Central BC",2,2,16,"Salish Sea","covariate"
"137",1.89935776905558,1.87684322278385,0.0445452946599232,7.06370390096319,1.0036678846679,1391.12593284626,2163.03556338363,"Columbia Upriver Bright","Beuti_tumi_scale","year","Fall","URB","Upper Columbia River",2,4,18,"Columbia-Snake","year"
"138",0.00140484752248472,0.00161532324101746,3.3016763150235e-05,0.00600764786884405,1.00154082992745,1652.54913763433,2163.39353481517,"Columbia Upriver Bright","Beuti_tumi_scale","covariate","Fall","URB","Upper Columbia River",2,4,18,"Columbia-Snake","covariate"
"139",2.45027349684481,2.07536898347513,0.183986423933853,7.97953309839526,1.00083475356015,1593.95287505733,1777.55528782962,"Columbia River Summers","Beuti_tumi_scale","year","Summer","SUM","Upper Columbia River",2,3,17,"Columbia-Snake","year"
"140",0.00132143145118073,0.00147215733639895,3.99483168342285e-05,0.00544240874922836,0.999593103042197,2237.039889778,2498.59125310838,"Columbia River Summers","Beuti_tumi_scale","covariate","Summer","SUM","Upper Columbia River",2,3,17,"Columbia-Snake","covariate"
"141",1.97146488398234,1.45748021321191,0.144689324594165,5.60839970028118,1.00074741626265,1214.15015675116,1653.26336597821,"Stillaguamish Fall Fingerling² ","Beuti_tumi_scale","year","Summer","STL","Central Puget Sound",2,2,16,"Salish Sea","year"
"142",0.000494481519833311,0.000590048050271184,1.58574939135493e-05,0.00204891889321576,1.00085175176531,2164.90997914379,2166.5339520326,"Stillaguamish Fall Fingerling² ","Beuti_tumi_scale","covariate","Summer","STL","Central Puget Sound",2,2,16,"Salish Sea","covariate"
"143",2.87949219691999,2.31905625018254,0.111236974408742,8.68150170296733,1.00340247880821,916.888088930118,1513.50257107238,"Skagit Summer Fingerling","Beuti_tumi_scale","year","Summer","SSF","North Puget Sound",2,3,17,"Salish Sea","year"
"144",0.00144468915536324,0.00210551346270075,3.05635127712853e-05,0.0074357440661448,0.999876833324671,1210.76337012656,1381.78209945985,"Skagit Summer Fingerling","Beuti_tumi_scale","covariate","Summer","SSF","North Puget Sound",2,3,17,"Salish Sea","covariate"
"145",1.64464204496761,1.94328199059208,0.0423772846042276,7.15370544419408,1.0041048825757,1389.78672580128,1142.34582243534,"Salmon River","Beuti_tumi_scale","year","Fall","SRH","North Oregon Coast",3,4,18,"Oregon Coast","year"
"146",0.00093093839459632,0.00111372679209165,2.71863856602756e-05,0.00381361178603207,1.00112595908017,2126.99826642686,2267.07867029479,"Salmon River","Beuti_tumi_scale","covariate","Fall","SRH","North Oregon Coast",3,4,18,"Oregon Coast","covariate"
"147",1.07319621903487,0.900250940915797,0.0554891878755322,3.4038179589331,1.00036385050073,1866.14264410083,1995.38060964412,"South Puget Sound Fall Fingerling","Beuti_tumi_scale","year","Fall","SPS","South Puget Sound",2,1,15,"Salish Sea","year"
"148",0.000617909306441644,0.000715594432572049,1.59121285541479e-05,0.00252419107437028,1.0001077910365,2407.88128000951,2436.99415245717,"South Puget Sound Fall Fingerling","Beuti_tumi_scale","covariate","Fall","SPS","South Puget Sound",2,1,15,"Salish Sea","covariate"
"149",1.50170226678978,1.68350392630921,0.038501339969734,6.15217897798095,1.00033095707043,1140.75433682807,1707.12908702027,"Spring Creek Tule","Beuti_tumi_scale","year","Spring","SPR","Lower Columbia River",2,2,16,"Columbia-Snake","year"
"150",0.00231967989332673,0.00273718869913047,4.17586727267334e-05,0.0095183124670259,1.00132693996181,578.064014935908,1412.2747440292,"Spring Creek Tule","Beuti_tumi_scale","covariate","Spring","SPR","Lower Columbia River",2,2,16,"Columbia-Snake","covariate"
"151",3.4895184116563,2.82199871544006,0.162292563558859,10.5793134064074,1.00338270575537,883.11098529065,1653.0827370748,"Tsoo-Yess Fall Fingerling","Beuti_tumi_scale","year","Fall","SOO","North Washington Coast",2,1,15,"Washington Coast","year"
"152",0.0013742224439532,0.00188083955846808,3.80247982962943e-05,0.00602263628602191,1.00077620886924,1528.92748793595,1727.6502089421,"Tsoo-Yess Fall Fingerling","Beuti_tumi_scale","covariate","Fall","SOO","North Washington Coast",2,1,15,"Washington Coast","covariate"
"153",0.814742832010164,0.801631773730825,0.0286233449084356,2.95436352717528,1.00203969798023,1661.14786136734,2206.28086763914,"Skykomish Fall Fingerling","Beuti_tumi_scale","year","Fall","SKY","Central Puget Sound",2,1,15,"Salish Sea","year"
"154",0.00273522307826542,0.00212022256455747,0.000433094575770752,0.00841432702401351,1.00189906930356,915.236757435323,1699.84582902247,"Skykomish Fall Fingerling","Beuti_tumi_scale","covariate","Fall","SKY","Central Puget Sound",2,1,15,"Salish Sea","covariate"
"155",1.10180014373078,1.00005940386678,0.0371696862634597,3.74151975837762,1.00111453270273,1302.9713629848,2162.89464697352,"Skagit Spring Fingerling","Beuti_tumi_scale","year","Spring","SKF","North Puget Sound",2,2,16,"Salish Sea","year"
"156",0.000944424282999896,0.000971907640488631,3.76821100151695e-05,0.00356903474523029,1.00556909710333,1119.00000571753,1384.61749749009,"Skagit Spring Fingerling","Beuti_tumi_scale","covariate","Spring","SKF","North Puget Sound",2,2,16,"Salish Sea","covariate"
"157",1.28672236823474,1.1010365257107,0.0487817698156163,4.00973836217546,1.00023328073723,1843.92506691447,2697.01419363472,"Lower Shuswap River Summer","Beuti_tumi_scale","year","Summer","SHU","Fraser River",2,1,15,"Salish Sea","year"
"158",0.00117433359641843,0.00109834764418042,7.32597522614172e-05,0.00405426060055285,1.00114033887971,1654.05251343468,1920.10508107135,"Lower Shuswap River Summer","Beuti_tumi_scale","covariate","Summer","SHU","Fraser River",2,1,15,"Salish Sea","covariate"
"159",0.996851433081921,0.968262684071994,0.0276658210730697,3.63885019265051,1.00157213527585,2061.75535928923,2131.25843049402,"Samish Fall Fingerling","Beuti_tumi_scale","year","Fall","SAM","North Puget Sound",2,1,15,"Salish Sea","year"
"160",0.00118229633258247,0.000986865361426987,7.89677566566348e-05,0.00364031458810147,1.00035258258593,1877.06624716216,1624.86303815002,"Samish Fall Fingerling","Beuti_tumi_scale","covariate","Fall","SAM","North Puget Sound",2,1,15,"Salish Sea","covariate"
"161",3.79553264351862,2.63402046687816,0.155979243727096,9.65741314857916,1.00353841441879,580.770411232106,1005.78664207888,"Quinsam River Fall ","Beuti_tumi_scale","year","Fall","QUI","Strait of Georgia",2,1,15,"Salish Sea","year"
"162",0.00105422065824107,0.00109745834884264,4.30460856405017e-05,0.00386487163338436,1.00045624106671,1421.90278460086,1639.96817679337,"Quinsam River Fall ","Beuti_tumi_scale","covariate","Fall","QUI","Strait of Georgia",2,1,15,"Salish Sea","covariate"
"163",0.941517048929563,0.824498114453437,0.0399628174359858,3.03949497638769,1.00127970673513,1659.95951221046,2234.54392953366,"Queets Fall Fingerling","Beuti_tumi_scale","year","Fall","QUE","North Washington Coast",2,5,19,"Washington Coast","year"
"164",0.000650834095067541,0.000622290554386723,3.0819822438612e-05,0.00229142405951684,1.00129354069711,1781.87360312076,1679.72925433708,"Queets Fall Fingerling","Beuti_tumi_scale","covariate","Fall","QUE","North Washington Coast",2,5,19,"Washington Coast","covariate"
"165",1.6586759477823,1.4396034116379,0.071611859075353,5.4058326203792,1.00334660125713,1156.77939464825,1829.69497940702,"Puntledge River Summer","Beuti_tumi_scale","year","Summer","PPS","Strait of Georgia",2,5,19,"Salish Sea","year"
"166",0.000768024278024106,0.000897979029044104,2.0716413653768e-05,0.00318013794680072,1.00041432761796,1715.24104460162,2118.30109446234,"Puntledge River Summer","Beuti_tumi_scale","covariate","Summer","PPS","Strait of Georgia",2,5,19,"Salish Sea","covariate"
"167",1.94889829427164,1.70090471485916,0.064326859180534,6.3648476516876,1.00149207900767,1319.37926535264,2090.49351330614,"Phillips River Fall","Beuti_tumi_scale","year","Fall","PHI","Strait of Georgia",2,4,18,"Salish Sea","year"
"168",0.000526038097228923,0.000755872698258556,1.04960225313975e-05,0.00264724185281863,1.00084237609539,997.418232430242,1463.52599389818,"Phillips River Fall","Beuti_tumi_scale","covariate","Fall","PHI","Strait of Georgia",2,4,18,"Salish Sea","covariate"
"169",2.39742120693298,1.91647025869014,0.0778545591098843,7.00609280268818,1.00374568759415,835.112047089749,1752.7439237765,"Nooksack Spring Fingerling","Beuti_tumi_scale","year","Spring","NSF","North Puget Sound",2,5,19,"Salish Sea","year"
"170",0.00125032516239961,0.00135415275394757,3.38426823925927e-05,0.00477523257021688,1.00119546664384,1312.43239708953,2225.35020272228,"Nooksack Spring Fingerling","Beuti_tumi_scale","covariate","Spring","NSF","North Puget Sound",2,5,19,"Salish Sea","covariate"
"171",2.13576736877922,1.31337280228756,0.44734285060868,5.39993150899874,1.00145912694731,1546.75518148225,1577.54225749499,"Nisqually Fall Fingerling","Beuti_tumi_scale","year","Fall","NIS","South Puget Sound",2,5,19,"Salish Sea","year"
"172",0.00087854048000751,0.000993971863269147,2.55798579240856e-05,0.00358977772086162,1.00017794300554,1739.46396189896,2206.98967211722,"Nisqually Fall Fingerling","Beuti_tumi_scale","covariate","Fall","NIS","South Puget Sound",2,5,19,"Salish Sea","covariate"
"173",1.709354104071,1.38047707950742,0.0670941513226373,5.23749713177556,1.00039127111811,1832.95706309028,1988.23069290023,"Middle Shuswap","Beuti_tumi_scale","year","Summer","MSH","Fraser River",2,5,19,"Salish Sea","year"
"174",0.00145760626277619,0.00140970885524396,3.5783835553457e-05,0.00496501764975738,1.00105577886661,1017.09711679767,2168.86177309543,"Middle Shuswap","Beuti_tumi_scale","covariate","Summer","MSH","Fraser River",2,5,19,"Salish Sea","covariate"
"175",3.68158282948115,3.37778623088596,0.155102925360541,12.8787745872623,1.00347445572244,692.913945969029,1251.63283829288,"Lyons Ferry Fingerling","Beuti_tumi_scale","year","Fall","LYF","Snake River",2,3,17,"Columbia-Snake","year"
"176",0.00197853282172227,0.00255585816220823,3.92386893407249e-05,0.00860899400619763,1.00128140010083,1038.17683349987,1908.3263433536,"Lyons Ferry Fingerling","Beuti_tumi_scale","covariate","Fall","LYF","Snake River",2,3,17,"Columbia-Snake","covariate"
"177",1.33323785884842,1.22450779718779,0.0506065678959534,4.54859761170203,1.0038489122301,1550.26136708654,2302.20176982118,"Lewis River Wild","Beuti_tumi_scale","year","Fall","LRW","Lower Columbia River",2,1,15,"Columbia-Snake","year"
"178",0.00102662663301099,0.0010985513885926,3.36617046898195e-05,0.00367343838364952,1.00039359617005,1766.02551409382,1704.50022194901,"Lewis River Wild","Beuti_tumi_scale","covariate","Fall","LRW","Lower Columbia River",2,1,15,"Columbia-Snake","covariate"
"179",1.72270080603555,1.70017869206654,0.0491768855001304,6.32685419356212,1.00223955322553,1337.32978377038,1988.18043135406,"Columbia Lower River Hatchery","Beuti_tumi_scale","year","Fall","LRH","Lower Columbia River",2,5,19,"Columbia-Snake","year"
"180",0.00290742328869489,0.00259007276789907,0.00020822664373392,0.00961621283363027,1.00752719266693,919.703813926215,1791.34549651212,"Columbia Lower River Hatchery","Beuti_tumi_scale","covariate","Fall","LRH","Lower Columbia River",2,5,19,"Columbia-Snake","covariate"
"181",1.3349362226983,1.09008291947917,0.063413030443102,4.06228421769225,1.00345433624614,1502.07150662197,1848.05068579536,"Hoko Fall Fingerling","Beuti_tumi_scale","year","Fall","HOK","North Washington Coast",2,4,18,"Washington Coast","year"
"182",0.000912888250185634,0.00103107308711015,2.23133262013407e-05,0.00375186025676497,1.002472664242,1514.88312454121,1741.44787577802,"Hoko Fall Fingerling","Beuti_tumi_scale","covariate","Fall","HOK","North Washington Coast",2,4,18,"Washington Coast","covariate"
"183",1.67926778259746,1.17049850509518,0.104578888229687,4.64372608961174,1.00054512346379,1504.53617440341,1102.60990320345,"Harrison River","Beuti_tumi_scale","year","Fall","HAR","Fraser River",2,4,18,"Salish Sea","year"
"184",0.00126845626527482,0.00177753614836821,2.70681174375761e-05,0.00622154010984399,1.00067943097431,1373.6537659041,1549.9294709938,"Harrison River","Beuti_tumi_scale","covariate","Fall","HAR","Fraser River",2,4,18,"Salish Sea","covariate"
"185",1.91717388387313,1.85255018659493,0.0633909525211863,6.7926318423125,0.999971189895076,1384.92667866544,1972.91673098061,"Hanford Wild Brights","Beuti_tumi_scale","year","Fall","HAN","Upper Columbia River",2,2,16,"Columbia-Snake","year"
"186",0.0011578251146715,0.00129124061993783,3.79143805616981e-05,0.00458599748775736,1.00049689671883,2066.37266738736,2409.1016140579,"Hanford Wild Brights","Beuti_tumi_scale","covariate","Fall","HAN","Upper Columbia River",2,2,16,"Columbia-Snake","covariate"
"187",1.12472706309486,1.00992758461181,0.0395737334686113,3.80659956886227,1.00250421751565,1807.45704334366,1865.81053186321,"Green River Fingerling","Beuti_tumi_scale","year","Fall","GRN","South Puget Sound",2,4,18,"Salish Sea","year"
"188",0.000677172909188663,0.000727943484676166,2.13421145860885e-05,0.00270830538695279,1.00014065279893,2287.6129158319,2615.17218453343,"Green River Fingerling","Beuti_tumi_scale","covariate","Fall","GRN","South Puget Sound",2,4,18,"Salish Sea","covariate"
"189",1.60388035942335,1.63238326955477,0.0444273009639571,6.01434779127874,1.00405132762515,1338.20682522724,2023.9005754644,"George Adams Fall Fingerling","Beuti_tumi_scale","year","Summer/Fall","GAD","Hood Canal",2,2,16,"Salish Sea","year"
"190",0.00136806747154153,0.00178288740799978,2.53481936153918e-05,0.00642932952151649,1.00250809102669,1292.05548600695,1706.1739812358,"George Adams Fall Fingerling","Beuti_tumi_scale","covariate","Summer/Fall","GAD","Hood Canal",2,2,16,"Salish Sea","covariate"
"191",4.25032866798647,3.89941488753561,0.117341344218517,13.8450776939835,1.00247436277182,1009.6363281089,1952.04492361,"Elwha River","Beuti_tumi_scale","year","Summer/Fall","ELW","Juan de Fuca",2,3,17,"Salish Sea","year"
"192",0.00314199888219571,0.00327250562395121,9.35989153991716e-05,0.0118647304285887,1.0100847827369,843.574654583669,1348.42924867057,"Elwha River","Beuti_tumi_scale","covariate","Summer/Fall","ELW","Juan de Fuca",2,3,17,"Salish Sea","covariate"
"193",1.62096974213997,1.33414524785818,0.0631461058251647,5.07273294411699,1.00518856070649,1100.12245037529,1263.31073436155,"Elk River","Beuti_tumi_scale","year","Fall","ELK","Mid Oregon Coast",3,3,17,"Oregon Coast","year"
"194",0.00120942416704801,0.00147218146477946,3.31641153140581e-05,0.00529600157510517,1.00238760062976,1166.57001867723,1709.63701741111,"Elk River","Beuti_tumi_scale","covariate","Fall","ELK","Mid Oregon Coast",3,3,17,"Oregon Coast","covariate"
"195",2.22506903881871,1.58745958907485,0.160181318653361,6.25063540266826,1.00012564625382,1093.30327212214,1272.50066000385,"Cowlitz Fall Tule","Beuti_tumi_scale","year","Fall","CWF","Lower Columbia River",2,4,18,"Columbia-Snake","year"
"196",0.00108367514479216,0.00121604731790974,2.62924612304319e-05,0.00432536400720551,1.00251412512156,1535.89868685097,1788.08461429773,"Cowlitz Fall Tule","Beuti_tumi_scale","covariate","Fall","CWF","Lower Columbia River",2,4,18,"Columbia-Snake","covariate"
"197",4.62299445066326,1.69735628862612,2.09968556341838,8.56030001633734,1.00026688220883,1182.46572098091,1800.62366522832,"Cowichan River Fall","Beuti_tumi_scale","year","Fall","COW","Strait of Georgia",2,3,17,"Salish Sea","year"
"198",0.00112275838402735,0.0010771049376641,0.000107981607996382,0.00394027464003522,1.00172277914306,896.721207524246,1574.86085188271,"Cowichan River Fall","Beuti_tumi_scale","covariate","Fall","COW","Strait of Georgia",2,3,17,"Salish Sea","covariate"
"199",1.0808345689014,1.03909602694564,0.0304786627042324,3.92463774422657,1.0023806865244,1152.92799947795,1902.02431148997,"Chilliwack River Fall","Beuti_tumi_scale","year","Fall","CHI","Fraser River",2,3,17,"Salish Sea","year"
"200",0.00284550095465589,0.00363840652450248,4.26276972688589e-05,0.012907864574508,1.0074804381684,324.565393866553,892.547362858375,"Chilliwack River Fall","Beuti_tumi_scale","covariate","Fall","CHI","Fraser River",2,3,17,"Salish Sea","covariate"
"201",0.958989867557273,0.805752285920382,0.0393609844487227,3.04958590753062,1.0008162710636,1615.8642636898,1618.83970377927,"Big Qualicum River Fall","Beuti_tumi_scale","year","Fall","BQR","Strait of Georgia",2,2,16,"Salish Sea","year"
"202",0.00107556711365704,0.000974824906707205,6.70400199067646e-05,0.00362046969633519,1.00995883047019,1299.59541304904,1321.84762606732,"Big Qualicum River Fall","Beuti_tumi_scale","covariate","Fall","BQR","Strait of Georgia",2,2,16,"Salish Sea","covariate"
"203",1.49170433002418,1.51617388350105,0.0373635485136587,5.54671619566498,1.00195227303003,1014.28530927153,1120.53879503213,"Atnarko","Beuti_tumi_scale","year","Summer/Fall","ATN","North/Central BC",2,2,16,"Salish Sea","year"
"204",0.00107940648324957,0.00118015704366091,3.05578808068417e-05,0.00395090373330965,1.00167171577979,1169.53562048,2313.06766491082,"Atnarko","Beuti_tumi_scale","covariate","Summer/Fall","ATN","North/Central BC",2,2,16,"Salish Sea","covariate"
